Date,Opponent,Score,s,k,e,ta,pct,a,sa,se,r,re,digs,bs,ba,be,tot,bhe,pts
Aug 29,at Gettysburg,"W, 3-1",4,55,27,168,0.167,46,12,11,84,9,63,3,14,4,10,0,77
Aug 30,vs. Messiah,"W, 3-1",4,47,23,137,0.175,44,8,11,74,7,73,0,24,1,12,0,67
Aug 30,vs. Otterbein,"L, 3-2",5,39,20,148,0.128,38,10,13,86,8,67,3,14,3,10,0,59
Sep 3,St. Vincent,"W, 3-0",3,40,10,81,0.37,35,17,5,28,1,37,4,4,0,6,0,63
Sep 5,vs. Mt. St. Joseph,"W, 3-0",3,41,13,100,0.28,36,10,7,46,4,57,1,12,0,7,0,58
Sep 6,at Baldwin Wallace,"W, 3-0",3,42,11,120,0.258,36,7,8,51,2,66,0,2,0,1,0,50
Sep 6,vs. John Carroll,"W, 3-1",4,60,12,156,0.308,56,14,7,72,7,76,2,8,0,6,0,80
Sep 9,at Grove City,"W, 3-0",3,46,12,99,0.343,42,9,10,41,1,51,0,4,1,2,0,57
Sep 12,#7 MIT,"L, 3-2",5,60,21,172,0.227,58,4,12,94,7,83,2,32,2,18,1,82
Sep 13,#20 Ithaca,"W, 3-1",4,58,21,169,0.219,55,12,10,79,9,84,4,8,1,8,0,78
Sep 13,#4 Johns Hopkins,"W, 3-2",5,60,25,206,0.17,58,12,14,94,7,110,1,20,1,11,0,83
Sep 18,#18 Hope,"L, 3-0",3,32,13,110,0.173,30,2,13,64,7,52,4,2,0,5,0,39
Sep 19,Muhlenberg,"W, 3-0",3,44,18,122,0.213,41,9,9,59,2,61,2,8,0,6,0,59
Sep 20,William Smith,"L, 3-0",3,37,17,96,0.208,36,3,9,64,4,34,1,6,2,4,0,44
Sep 25,at Mt. Aloysius,"W, 3-0",3,41,14,126,0.214,37,6,8,60,8,65,3,6,0,6,2,53
Sep 27,at #9 Emory,"L, 3-1",4,41,15,133,0.195,39,4,9,86,7,56,1,8,1,5,0,50
Sep 27,vs. Case Western Reserve,"W, 3-1",4,48,21,165,0.164,41,13,17,78,4,71,7,16,1,15,0,76
Sep 28,vs. Brandeis,"W, 3-0",3,37,12,94,0.266,34,9,6,50,6,48,2,8,1,6,0,52
Oct 4,vs. RIT,"W, 3-0",3,34,13,78,0.269,32,13,11,44,6,27,2,10,0,7,0,54
Oct 4,at Penn St.-Behrend,"W, 3-0",3,43,13,100,0.3,42,10,7,37,3,52,1,2,2,2,0,55
Oct 8,at Westminster (Pa.),,-,-,-,-,-,-,-,-,-,-,-,-,-,-,-,-,-
Oct 10,Capital,"W, 3-0",3,43,10,107,0.308,40,6,4,44,2,55,4,8,1,8,0,57
Oct 12,vs. Rochester (N.Y.),"W, 3-0",3,40,10,84,0.357,37,10,9,48,9,34,1,10,0,6,0,56
Oct 12,vs. #10 WashU,"L, 3-1",4,42,29,151,0.086,38,5,7,87,9,70,6,8,5,10,0,57
Oct 18,vs. Muskingum,"W, 3-2",5,60,18,195,0.215,52,16,6,82,2,99,0,6,1,3,0,79
Oct 18,at #18 Marietta,"W, 3-2",5,42,18,167,0.144,41,11,8,81,10,85,1,0,0,1,0,54
Oct 21 #,Point Park,"W, 3-0",3,43,10,99,0.333,40,7,7,48,6,53,2,10,1,7,0,57
Oct 26,at UChicago,"L, 3-1",4,49,14,131,0.267,43,2,21,79,4,45,6,16,1,14,0,65
Oct 26,vs. NYU,"W, 3-0",3,40,13,98,0.276,38,7,4,47,4,50,4,6,0,7,0,54
Nov 8,vs. Penn St.-Altoona,"W, 3-0",3,34,8,92,0.283,32,9,5,28,2,53,0,8,2,4,0,47
Nov 8,at #9 Juniata,"L, 3-2",5,40,22,149,0.121,37,6,3,94,10,63,1,21,1,12,0,57.5
Nov 15,vs. Case Western Reserve,"W, 3-2",5,64,23,191,0.215,55,12,15,95,4,90,7,2,3,8,0,84
Nov 15,vs. Chicago,"W, 3-0",3,40,8,105,0.305,38,8,8,46,4,56,1,10,0,6,0,54
Nov 16,vs. #17 WashU,"W, 3-0",3,51,9,124,0.339,47,4,7,58,2,59,1,10,2,6,0,61
Nov 20,Stevens,"W, 3-0",3,50,10,121,0.331,47,4,7,48,3,62,2,6,1,5,0,59
Nov 21,#10 Hope,"W, 3-2",5,58,20,180,0.211,55,8,3,88,6,107,2,12,2,8,0,74
Nov 22,#4 Wis.-Eau Claire,"L, 3-2",5,52,19,153,0.216,47,5,10,91,11,71,5,12,2,11,0,68